Name,Email,Enquiry
Shelley Head,campos@tortor.edu,Help
Rogan Anderson,lowery@aliquam.us,Shipment is missing
Gil Strong,snow@pulvinar.net,Thanks for the fast delivery
Kasper Nash,dickson@nonummy.net,Please help with my order
Cain Combs,sargent@lorem.gov,Great Prodcuts
Wing Collier,weeks@lacus.org,Love the prices
Diana Shaw,beck@turpis.us,Is shipping free
Elijah Barnett,pickett@quis.us,Where's my stuff?
Herman Crosby,wise@hendrerit.us,I bought it all
Dan Lagomarsino,dan@smartbear.com,Where's my stuff?
